"peak.num","subclass","Title","mz","rt","Adduct","MS2.score1","MS2.score2","rule1.score.Stand","rule2.score.Stand","final.score","top_n"
171,"NAE","NAE 9:0_CAH_NAE 9:0",202.18,1.0832,"[M+H]+",1,0.2012,0.87499091889131,0.861895153371834,2.93808607226314,"Top 1"
651,"NAE","NAE 11:1_CAH_NAE 11:1",228.196,2.7372,"[M+H]+",1,0.0066,0.873973532994779,0.873973532994779,2.75454706598956,"Top 1"
457,"NAE","NAE 14:0_CAH_NAE 14:0",272.258,2.06,"[M+H]+",1,0.087,0.864615326563834,0.823318582533726,2.77493390909756,"Top 1"
4468,"TG","TG 66:2_CAH_TG 18:1_24:0_24:1",1073.02,16.0323,"[M+NH4]+",1,0.0396,0.873818867617533,0.874986413434371,2.7884052810519,"Top 1"
4399,"TG","TG 64:2_CAH_TG 16:0_24:1_24:1",1044.99,15.7877,"[M+NH4]+",0.5,0.015,0.874361059609481,0.874761932303757,2.26412299191324,"Top 1"
4148,"TG","TG 64:6_CAH_TG 16:4_24:1_24:1",1036.93,14.9106,"[M+NH4]+",0.5,0.0109,0.874984950541023,0.874993704825539,2.26087865536656,"Top 1"
4565,"TG-O","TG-O 64:1_CAH_TG-O 24:0_16:0_24:1",1033.03,16.3791,"[M+NH4]+",1,0.0336,0.874865656322251,0.874913048537232,2.78337870485948,"Top 1"
4503,"TG-O","TG-O 64:2_CAH_TG-O 20:0_18:1_26:1",1031.01,16.1623,"[M+NH4]+",0.6667,0.0188,0.87453085724461,0.874899743176795,2.4349306004214,"Top 1"
230,"CAR","CAR 9:1_CAH_CAR 9:1",300.217,1.2869,"[M]+",0.5,0.0667,0.804711726120887,0.804711726120888,2.17612345224178,"Top 2"
230,"MG","MG 13:3_CAH_MG 13:3",300.217,1.2869,"[M+NH4]+",1,0.0667,0.800219589680409,0.800219589680409,2.66713917936082,"Top 1"
528,"NAE","NAE 16:0_CAH_NAE 16:0",300.29,2.3039,"[M+H]+",1,0.098,0.870279874971479,0.836944622089622,2.8052244970611,"Top 1"
4422,"TG","TG 62:1_CAH_TG 18:1_22:0_22:0",1018.98,15.8774,"[M+NH4]+",0.5,0.0157,0.874831482336927,0.874548808251903,2.26508029058883,"Top 1"
4180,"TG-O","TG-O 64:8_CAH_TG-O 24:2_20:3_20:3",1018.92,15.022,"[M+NH4]+",0.5,0.01,0.5,0.5,1.51,"Top 1"
4321,"TG","TG 62:2_CAH_TG 20:0_20:0_22:2",1016.96,15.5135,"[M+NH4]+",0.5,0.0048,0.872355261219441,0.874055439463288,2.25121070068273,"Top 1"
4257,"TG","TG 62:3_CAH_TG 18:0_20:2_24:1",1014.94,15.293,"[M+NH4]+",0.6667,0.0313,0.874783929811522,0.874832206388289,2.44761613619981,"Top 1"
4495,"TG-O","TG-O 62:1_CAH_TG-O 22:0_16:0_24:1",1005,16.1315,"[M+NH4]+",0.6667,0.0449,0.873879418331016,0.874721931906671,2.46020135023769,"Top 1"
4427,"TG-O","TG-O 62:2_CAH_TG-O 24:1_16:0_22:1",1002.98,15.8892,"[M+NH4]+",1,0.0315,0.870328003099135,0.870758381586515,2.77258638468565,"Top 1"
4375,"TG-O","TG-O 62:3_CAH_TG-O 24:1_16:0_22:2",1000.96,15.7083,"[M+NH4]+",0.6667,0.0188,0.874937726418517,0.874937726418516,2.43537545283703,"Top 1"
3719,"TG","TG 62:11_CAH_TG 18:0_22:5_22:6",998.816,13.4222,"[M+NH4]+",0.6667,0.0222,0.5,0.5,1.6889,"Top 1"
4213,"TG-O","TG-O 62:6_CAH_TG-O 22:0_20:3_20:3",994.916,15.1436,"[M+NH4]+",0.5,0.0093,0.5,0.5,1.5093,"Top 1"
216,"MG","MG 13:0_CAH_MG 13:0",306.263,1.2321,"[M+NH4]+",1,0.1685,0.871992029056376,0.871992029056376,2.91248405811275,"Top 1"
4403,"TG","TG 60:0_CAH_TG 18:0_18:0_24:0",992.959,15.8089,"[M+NH4]+",0.5,0.0252,0.874834162747192,0.874881765629019,2.27491592837621,"Top 1"
4159,"TG-O","TG-O 62:7_CAH_TG-O 24:1_16:0_22:6",992.901,14.948,"[M+NH4]+",1,0.0336,0.5,0.5,2.0336,"Top 1"
4343,"TG","TG 60:1_CAH_TG 16:0_18:0_26:1",990.943,15.5988,"[M+NH4]+",1,0.0568,0.871781737387499,0.872277913837458,2.80085965122496,"Top 1"
4405,"TG-O","TG-O 61:2_CAH_TG-O 25:0_18:1_18:1",988.965,15.8136,"[M+NH4]+",0.5,0.0136,0.869892114268549,0.87316156009516,2.25665367436371,"Top 1"
4245,"TG","TG 60:2_CAH_TG 20:1_20:0_20:1",988.928,15.2531,"[M+NH4]+",0.5,0.006,0.874476983254307,0.871437082214051,2.25191406546836,"Top 1"
4175,"TG","TG 60:3_CAH_TG 18:0_20:1_22:2",986.912,15.0087,"[M+NH4]+",0.6667,0.0158,0.874871407226264,0.87480301255294,2.4321744197792,"Top 1"
3978,"TG","TG 60:6_CAH_TG 18:1_20:0_22:5",980.864,14.32,"[M+NH4]+",0.6667,0.0269,0.874321542290405,0.87494845624685,2.44286999853726,"Top 1"
4420,"TG-O","TG-O 60:1_CAH_TG-O 24:1_16:0_20:0",976.965,15.8622,"[M+NH4]+",0.6667,0.0254,0.867517140990032,0.870034606309723,2.42965174729975,"Top 1"
3808,"TG","TG 60:8_CAH_TG 16:0_22:5_22:3",976.833,13.7323,"[M+NH4]+",0.6667,0.0194,0.5,0.5,1.6861,"Top 1"
3870,"TG","TG 60:8_CAH_TG 18:0_20:2_22:6",976.833,13.9463,"[M+NH4]+",0.6667,0.0349,0.5,0.5,1.7016,"Top 1"
4359,"TG-O","TG-O 60:2_CAH_TG-O 24:2_18:0_18:0",974.949,15.648,"[M+NH4]+",0.5,0.0092,0.874952721559011,0.874978591932246,2.25913131349126,"Top 1"
4218,"TG","TG 59:2_CAH_TG 17:0_18:0_24:2",974.912,15.1553,"[M+NH4]+",0.6667,0.0149,0.874860032560153,0.874413452280143,2.4308734848403,"Top 1"
4296,"TG-O","TG-O 60:3_CAH_TG-O 22:0_18:1_20:2",972.932,15.4306,"[M+NH4]+",0.6667,0.0304,0.874895612332089,0.874895612332089,2.44689122466418,"Top 1"
3681,"TG","TG 60:10_CAH_TG 19:2_19:2_22:6",972.801,13.2896,"[M+NH4]+",0.5,0.0139,0.5,0.5,1.5139,"Top 1"
3595,"TG","TG 60:11_CAH_TG 16:1_22:5_22:5",970.786,12.9946,"[M+NH4]+",0.5,0.0098,0.5,0.5,1.5098,"Top 1"
4325,"TG","TG 58:0_CAH_TG 16:0_21:0_21:0",964.928,15.533,"[M+NH4]+",0.5,0.0618,0.873719201461823,0.874976669758042,2.31049587121987,"Top 1"
4041,"TG-O","TG-O 60:7_CAH_TG-O 18:0_18:1_24:6",964.869,14.5366,"[M+NH4]+",0.6667,0.0223,0.5,0.5,1.689,"Top 1"
4395,"TG-O","TG-O 59:1_CAH_TG-O 23:1_18:0_18:0",962.948,15.7783,"[M+NH4]+",0.5,0.0128,0.872437696016401,0.871325627370383,2.25656332338678,"Top 1"
4235,"TG","TG 58:1_CAH_TG 18:0_18:0_22:1",962.912,15.2181,"[M+NH4]+",0.5,0.0373,0.863094779770022,0.873737175899401,2.27413195566942,"Top 1"
4157,"TG","TG 58:1_CAH_TG 16:0_18:1_24:0",962.912,14.9433,"[M+NH4]+",0.6667,0.0162,0.796251562773063,0.801965582009404,2.28111714478247,"Top 1"
4334,"TG-O","TG-O 59:2_CAH_TG-O 19:0_20:1_20:1",960.933,15.5659,"[M+NH4]+",0.5,0.0048,0.86511727048313,0.872171919159795,2.24208918964292,"Top 1"
4165,"TG","TG 58:2_CAH_TG 18:0_18:0_22:2",960.896,14.9735,"[M+NH4]+",0.5,0.0148,0.873185842512862,0.869185154710839,2.2571709972237,"Top 1"
4088,"TG","TG 58:3_CAH_TG 18:0_18:0_22:3",958.879,14.702,"[M+NH4]+",0.5,0.0095,0.874809795762147,0.873866380909206,2.25817617667135,"Top 1"
4032,"TG","TG 58:4_CAH_TG 18:2_20:1_20:1",956.864,14.5139,"[M+NH4]+",0.5,0.0138,0.874918738118002,0.874938262320289,2.26365700043829,"Top 1"
3946,"TG","TG 58:5_CAH_TG 18:2_20:1_20:2",954.848,14.2109,"[M+NH4]+",0.6667,0.0076,0.874981269420763,0.874981269420764,2.42426253884153,"Top 1"
3793,"TG","TG 58:6_CAH_TG 18:0_18:1_22:5",952.834,13.6857,"[M+NH4]+",0.6667,0.0121,0.84896056878098,0.874998777336255,2.40275934611724,"Top 1"
3874,"TG","TG 58:6_CAH_TG 18:0_18:0_22:6",952.833,13.9653,"[M+NH4]+",0.5,0.0149,0.872033416099515,0.873743752087969,2.26067716818748,"Top 1"
4476,"TG-O","TG-O 58:0_CAH_TG-O 24:0_16:0_18:0",950.949,16.063,"[M+NH4]+",0.6667,0.0339,0.874831723862414,0.874985171230898,2.45041689509331,"Top 1"
3814,"TG","TG 58:7_CAH_TG 19:1_19:1_20:5",950.817,13.7575,"[M+NH4]+",0.5,0.0043,0.874321758674318,0.874321758674317,2.25294351734863,"Top 1"
4414,"TG-O","TG-O 58:1_CAH_TG-O 26:1_16:0_16:0",948.933,15.8466,"[M+NH4]+",0.5,0.013,0.814647142103007,0.822725164749357,2.15037230685236,"Top 1"
4355,"TG-O","TG-O 58:1_CAH_TG-O 18:0_16:0_24:1",948.933,15.6386,"[M+NH4]+",0.6667,0.0366,0.874977053344585,0.873422526560198,2.45169957990478,"Top 1"
3701,"TG","TG 58:8_CAH_TG 16:0_20:3_22:5",948.801,13.3591,"[M+NH4]+",1,0.0289,0.5,0.5,2.0289,"Top 1"
3754,"TG","TG 58:8_CAH_TG 18:1_18:1_22:6",948.801,13.5492,"[M+NH4]+",1,0.0603,0.5,0.5,2.0603,"Top 1"
4285,"TG-O","TG-O 58:2_CAH_TG-O 22:0_18:1_18:1",946.916,15.3935,"[M+NH4]+",0.5,0.0161,0.874868535330944,0.874811871680809,2.26578040701175,"Top 1"
4128,"TG","TG 57:2_CAH_TG 19:0_19:1_19:1",946.88,14.841,"[M+NH4]+",0.5,0.0059,0.87258639289045,0.871559333567607,2.25004572645806,"Top 1"
3648,"TG","TG 58:9_CAH_TG 18:1_20:4_20:4",946.786,13.1763,"[M+NH4]+",0.5,0.0083,0.5,0.5,1.5083,"Top 1"
4217,"TG-O","TG-O 58:3_CAH_TG-O 26:3_16:0_16:0",944.901,15.153,"[M+NH4]+",0.5,0.0152,0.873490486546263,0.874730293560976,2.26342078010724,"Top 1"
4054,"NAE","NAE 18:0_CAH_NAE 18:0",328.321,14.5882,"[M+H]+",1,0.2288,0.873540320073756,0.866048852388095,2.96838917246185,"Top 1"
4147,"TG-O","TG-O 58:4_CAH_TG-O 26:4_16:0_16:0",942.886,14.9083,"[M+NH4]+",0.5,0.0064,0.5,0.5,1.5064,"Top 1"
3995,"TG","TG 57:4_CAH_TG 18:1_19:0_20:3",942.848,14.3821,"[M+NH4]+",0.6667,0.0132,0.874883279179446,0.874883279179447,2.42966655835889,"Top 1"
3854,"TG","TG 57:6_CAH_TG 17:0_20:3_20:3",938.817,13.8961,"[M+NH4]+",0.5,0.0045,0.863874183140097,0.87388663216089,2.24226081530099,"Top 1"
4153,"TG","TG 56:0_CAH_TG 16:0_20:0_20:0",936.897,14.9339,"[M+NH4]+",0.5,0.0153,0.803265347054946,0.804590554953617,2.12315590200856,"Top 1"
4237,"TG","TG 56:0_CAH_TG 14:0_20:0_22:0",936.897,15.2228,"[M+NH4]+",0.6667,0.0314,0.874408635930941,0.874957611469111,2.44746624740005,"Top 1"
3739,"TG","TG 57:7_CAH_TG 17:1_18:1_22:5",936.801,13.4914,"[M+NH4]+",0.6667,0.0232,0.844230493658961,0.844230493658962,2.37836098731792,"Top 1"
4246,"TG-O","TG-O 57:1_CAH_TG-O 25:1_16:0_16:0",934.918,15.2555,"[M+NH4]+",0.5,0.01,0.807393907106528,0.810255333892606,2.12764924099913,"Top 1"
4352,"TG-O","TG-O 57:1_CAH_TG-O 24:0_16:0_17:1",934.917,15.6316,"[M+NH4]+",0.6667,0.0297,0.839124434064437,0.85368824352019,2.38921267758463,"Top 1"
4155,"TG","TG 56:1_CAH_TG 14:0_20:1_22:0",934.88,14.9386,"[M+NH4]+",0.6667,0.0111,0.869117075372162,0.874935190817346,2.42185226618951,"Top 1"
4250,"TG-O","TG-O 57:2_CAH_TG-O 21:0_18:1_18:1",932.901,15.2665,"[M+NH4]+",0.5,0.0126,0.871925454152329,0.874218746470884,2.25874420062321,"Top 1"
4102,"TG","TG 56:2_CAH_TG 14:1_18:0_24:1",932.865,14.7577,"[M+NH4]+",0.6667,0.0325,0.871430553325268,0.874208241370353,2.44483879469562,"Top 1"
3942,"TG","TG 56:4_CAH_TG 18:1_18:0_20:3",928.833,14.2014,"[M+NH4]+",1,0.0628,0.87449750465986,0.874996310997454,2.81229381565731,"Top 1"
3993,"TG","TG 56:4_CAH_TG 18:0_18:0_20:4",928.832,14.3774,"[M+NH4]+",1,0.0347,0.84719253385945,0.874601792005597,2.75649432586505,"Top 1"
3883,"TG","TG 56:5_CAH_TG 16:0_18:0_22:5",926.816,13.9975,"[M+NH4]+",0.6667,0.0113,0.874957058364957,0.874957058364957,2.42791411672991,"Top 1"
3348,"PC","PC 46:2_CAH_PC 46:2",926.76,12.1228,"[M+H]+",0.5,0.2315,0.5,0.5,1.7315,"Top 1"
3825,"TG","TG 56:6_CAH_TG 17:0_17:0_22:6",924.801,13.7945,"[M+NH4]+",0.5,0.0676,0.874884914758582,0.873233705958896,2.31571862071748,"Top 1"
3772,"TG","TG 56:6_CAH_TG 16:0_16:0_24:6",924.801,13.6136,"[M+NH4]+",0.5,0.0159,0.865160229121002,0.874829510600693,2.2558897397217,"Top 1"
4382,"TG-O","TG-O 56:0_CAH_TG-O 24:0_16:0_16:0",922.916,15.7362,"[M+NH4]+",1,0.0822,0.874541126252822,0.874384271767115,2.83112539801994,"Top 1"
3665,"TG","TG 56:7_CAH_TG 16:0_16:1_24:6",922.786,13.2389,"[M+NH4]+",0.6667,0.012,0.5,0.5,1.6787,"Top 1"
3723,"TG","TG 56:7_CAH_TG 16:0_18:1_22:6",922.785,13.4428,"[M+NH4]+",1,0.0884,0.871521356698392,0.871521356698393,2.83144271339679,"Top 1"
4275,"TG-O","TG-O 56:1_CAH_TG-O 20:1_18:0_18:0",920.901,15.3586,"[M+NH4]+",0.5,0.0051,0.873996964373085,0.874766196031417,2.2538631604045,"Top 1"
4332,"TG-O","TG-O 56:1_CAH_TG-O 24:0_16:0_16:1",920.901,15.5611,"[M+NH4]+",0.6667,0.0242,0.820553607917251,0.836342801066094,2.34779640898334,"Top 1"
4118,"TG","TG 55:1_CAH_TG 15:0_20:0_20:1",920.864,14.8063,"[M+NH4]+",1,0.0201,0.874892217859834,0.873730875682299,2.76872309354213,"Top 1"
3629,"TG","TG 56:8_CAH_TG 18:2_18:1_20:5",920.77,13.1092,"[M+NH4]+",0.6667,0.0128,0.5,0.5,1.6795,"Top 1"
4205,"TG-O","TG-O 56:2_CAH_TG-O 24:2_16:0_16:0",918.885,15.1135,"[M+NH4]+",0.5,0.0182,0.874912506862263,0.874917521034875,2.26803002789714,"Top 1"
3955,"TG","TG 55:2_CAH_TG 18:0_18:0_19:2",918.849,14.2433,"[M+NH4]+",0.5,0.0106,0.796383002411703,0.794475669851898,2.1014586722636,"Top 1"
4037,"TG","TG 55:2_CAH_TG 13:0_21:1_21:1",918.848,14.5257,"[M+NH4]+",0.5,0.0051,0.871709057206749,0.865716226847998,2.24252528405475,"Top 1"
4135,"TG-O","TG-O 56:3_CAH_TG-O 16:0_20:2_20:1",916.869,14.8687,"[M+NH4]+",0.6667,0.016,0.871733045113423,0.874909125067715,2.42934217018114,"Top 1"
3957,"TG","TG 55:3_CAH_TG 18:2_18:0_19:1",916.833,14.248,"[M+NH4]+",0.6667,0.0408,0.87274937470373,0.874185121659446,2.45443449636318,"Top 1"
3800,"TG","TG 55:5_CAH_TG 17:1_19:2_19:2",912.801,13.7039,"[M+NH4]+",0.5,0.0046,0.831945611684332,0.841230582332931,2.17777619401726,"Top 1"
1175,"LDGCC","LDGCC 50:27_CAH_LDGCC 50:27",912.483,4.6058,"[M+H]+",0.75,0.058,0.5,0.5,1.808,"Top 1"
4326,"TG-O","TG-O 55:0_CAH_TG-O 19:0_18:0_18:0",908.902,15.5353,"[M+NH4]+",0.5,0.0119,0.869411316464913,0.871437699721781,2.25274901618669,"Top 1"
4145,"TG","TG 54:0_CAH_TG 16:0_16:0_22:0",908.865,14.9036,"[M+NH4]+",0.5,0.0199,0.873563471689086,0.87359921002634,2.26706268171543,"Top 1"
3679,"TG","TG 55:7_CAH_TG 16:0_17:1_22:6",908.769,13.2833,"[M+NH4]+",0.6667,0.0693,0.871440373041094,0.871440373041094,2.47888074608219,"Top 1"
4072,"TG","TG 54:1_CAH_TG 16:0_16:0_22:1",906.848,14.6531,"[M+NH4]+",0.5,0.0192,0.874729897754906,0.874753036996216,2.26868293475112,"Top 1"
4176,"TG-O","TG-O 55:2_CAH_TG-O 24:2_15:0_16:0",904.87,15.011,"[M+NH4]+",0.6667,0.0142,0.863718064035569,0.867084239799294,2.41170230383486,"Top 1"
4022,"TG","TG 54:2_CAH_TG 16:0_16:0_22:2",904.833,14.4792,"[M+NH4]+",0.5,0.0082,0.868318113259624,0.872087775675597,2.24860588893522,"Top 1"
243,"MG","MG 15:0_CAH_MG 15:0",334.295,1.3282,"[M+NH4]+",1,0.1884,0.808959721243323,0.868914616609597,2.86627433785292,"Top 1"
3922,"TG","TG 54:3_CAH_TG 18:3_18:0_18:0",902.817,14.132,"[M+NH4]+",0.5,0.0181,0.867210119802877,0.872565614073703,2.25787573387658,"Top 1"
3165,"GPNAE","GPNAE 49:7_CAH_GPNAE 49:7",902.698,11.4882,"[M+H]+",1,0.0078,0.5,0.5,2.0078,"Top 1"
3864,"TG","TG 54:4_CAH_TG 18:3_18:1_18:0",900.801,13.9307,"[M+NH4]+",0.6667,0.0176,0.874959006678533,0.874991233834943,2.43425024051348,"Top 1"
2963,"GPNAE","GPNAE 49:8_CAH_GPNAE 49:8",900.682,10.7887,"[M+H]+",1,0.0092,0.5,0.5,2.0092,"Top 1"
3628,"TG","TG 54:5_CAH_TG 18:1_18:2_18:2",898.786,13.1068,"[M+NH4]+",0.5,0.0128,0.5,0.5,1.5128,"Top 1"
3752,"TG","TG 54:5_CAH_TG 16:0_16:0_22:5",898.785,13.5445,"[M+NH4]+",1,0.0518,0.5,0.5,2.0518,"Top 1"
3803,"TG","TG 54:5_CAH_TG 14:0_18:0_22:5",898.785,13.7205,"[M+NH4]+",0.6667,0.0137,0.87497111147167,0.87497111147167,2.43034222294334,"Top 1"
3635,"TG","TG 54:6_CAH_TG 18:1_18:1_18:4",896.771,13.1345,"[M+NH4]+",0.5,0.0089,0.822437102531407,0.874787187638418,2.20612429016983,"Top 1"
3694,"TG","TG 54:6_CAH_TG 16:0_16:0_22:6",896.769,13.341,"[M+NH4]+",0.5,0.0044,0.873988670619531,0.874991098355478,2.25337976897501,"Top 1"
4313,"TG-O","TG-O 54:0_CAH_TG-O 22:0_14:0_18:0",894.885,15.4933,"[M+NH4]+",0.6667,0.0256,0.855482732722681,0.874038789809006,2.42182152253169,"Top 1"
4195,"TG-O","TG-O 54:0_CAH_TG-O 22:0_16:0_16:0",894.885,15.0787,"[M+NH4]+",0.5,0.0075,0.797439150902786,0.799428843130301,2.10436799403309,"Top 1"
4109,"TG","TG 53:0_CAH_TG 16:0_16:0_21:0",894.849,14.774,"[M+NH4]+",0.5,0.0254,0.871933545972915,0.873777627612724,2.27111117358564,"Top 1"
3591,"TG","TG 54:7_CAH_TG 17:1_17:1_20:5",894.755,12.9754,"[M+NH4]+",0.5,0.0108,0.874251720847763,0.874251720847764,2.25930344169553,"Top 1"
5098,"NAE","NAE 19:0_CAH_NAE 19:0",342.337,18.2446,"[M+H]+",1,0.2418,0.874993068487323,0.874964232412456,2.99175730089978,"Top 1"
4198,"TG-O","TG-O 54:1_CAH_TG-O 16:0_18:0_20:1",892.87,15.0858,"[M+NH4]+",0.6667,0.0185,0.87498939731887,0.87426538804487,2.43445478536374,"Top 1"
4025,"TG","TG 53:1_CAH_TG 17:0_18:1_18:0",892.833,14.4862,"[M+NH4]+",1,0.0881,0.874948633102236,0.874681331304473,2.83772996440671,"Top 1"
4121,"TG-O","TG-O 54:2_CAH_TG-O 18:0_16:1_20:1",890.854,14.8149,"[M+NH4]+",0.6667,0.0131,0.874447170785816,0.874961339970507,2.42920851075632,"Top 1"
3962,"TG","TG 53:2_CAH_TG 17:0_18:0_18:2",890.818,14.2711,"[M+NH4]+",0.6667,0.0322,0.873602625813892,0.873051230554072,2.44555385636796,"Top 1"
3855,"TG","TG 53:2_CAH_TG 17:0_17:0_19:2",890.817,13.8984,"[M+NH4]+",0.5,0.011,0.807276385450655,0.787108595226965,2.10538498067762,"Top 1"
4046,"TG-O","TG-O 54:3_CAH_TG-O 16:0_16:0_22:3",888.838,14.5581,"[M+NH4]+",0.6667,0.0108,0.874893997441458,0.874893997441458,2.42728799488292,"Top 1"
3845,"TG","TG 53:3_CAH_TG 16:0_17:0_20:3",888.802,13.8637,"[M+NH4]+",0.6667,0.0207,0.870173810967548,0.874380731934543,2.43195454290209,"Top 1"
3988,"TG-O","TG-O 54:4_CAH_TG-O 22:4_16:0_16:0",886.821,14.3545,"[M+NH4]+",0.5,0.0089,0.5,0.5,1.5089,"Top 1"
3791,"TG","TG 53:4_CAH_TG 16:1_17:0_20:3",886.785,13.6714,"[M+NH4]+",0.6667,0.0111,0.87485101559363,0.874893607092272,2.4275446226859,"Top 1"
3726,"TG","TG 53:5_CAH_TG 16:0_17:1_20:4",884.77,13.4498,"[M+NH4]+",0.6667,0.0288,0.862436929569669,0.874499948464204,2.43243687803387,"Top 1"
291,"MG","MG 16:0_CAH_MG 16:0",348.311,1.4965,"[M+NH4]+",1,0.1642,0.850899944837184,0.86488986993315,2.87998981477033,"Top 1"
3656,"TG","TG 53:6_CAH_TG 15:0_16:0_22:6",882.755,13.2065,"[M+NH4]+",1,0.0754,0.874727149929243,0.874989843405676,2.82511699333492,"Top 1"
4549,"NAE","NAE 20:2_CAH_NAE 20:2",352.32,16.3177,"[M+H]+",1,0.2214,0.5,0.5,2.2214,"Top 1"
4236,"TG-O","TG-O 53:0_CAH_TG-O 17:0_18:0_18:0",880.87,15.2205,"[M+NH4]+",0.5,0.0185,0.872298925086584,0.874273339538114,2.2650722646247,"Top 1"
4156,"TG-O","TG-O 53:0_CAH_TG-O 19:0_17:0_17:0",880.87,14.9409,"[M+NH4]+",0.5,0.0173,0.802096384570774,0.804216993170187,2.12361337774096,"Top 1"
4055,"TG","TG 52:0_CAH_TG 16:0_16:0_20:0",880.833,14.5906,"[M+NH4]+",0.5,0.0491,0.874737036635285,0.874581189832835,2.29841822646812,"Top 1"
3295,"GPNAE","GPNAE 47:4_CAH_GPNAE 47:4",880.714,11.9409,"[M+H]+",1,0.0181,0.873357210742009,0.873357210742008,2.76481442148402,"Top 1"
4158,"TG-O","TG-O 53:1_CAH_TG-O 17:0_18:0_18:1",878.854,14.9456,"[M+NH4]+",0.6667,0.0213,0.874771725605343,0.874682943250453,2.4374546688558,"Top 1"
4069,"TG-O","TG-O 53:1_CAH_TG-O 19:1_17:0_17:0",878.854,14.6348,"[M+NH4]+",0.5,0.0133,0.795634879306253,0.809885973299132,2.11882085260538,"Top 1"
3983,"TG","TG 52:1_CAH_TG 16:0_18:1_18:0",878.817,14.3428,"[M+NH4]+",1,0.1447,0.870850443399802,0.873938992710561,2.88948943611036,"Top 1"
3892,"TG","TG 52:1_CAH_TG 16:0_16:0_20:1",878.816,14.0282,"[M+NH4]+",0.5,0.0181,0.806914981370537,0.808194367227513,2.13320934859805,"Top 1"
3109,"GPNAE","GPNAE 47:5_CAH_GPNAE 47:5",878.698,11.2885,"[M+H]+",1,0.0191,0.5,0.5,2.0191,"Top 1"
4080,"TG-O","TG-O 53:2_CAH_TG-O 21:2_16:0_16:0",876.838,14.6735,"[M+NH4]+",0.5,0.0109,0.874904343217044,0.874362233457077,2.26016657667412,"Top 1"
4971,"TG","TG 52:2_CAH_TG 16:0_18:1_18:1",876.801,17.7986,"[M+NH4]+",0.5,0.0122,0,0.5,1.0122,"Top 1"
3932,"TG","TG 52:2_CAH_TG 16:0_16:0_20:2",876.801,14.1667,"[M+NH4]+",0.5,0.0286,0.869997391478835,0.870612225016346,2.26920961649518,"Top 1"
3822,"TG","TG 52:3_CAH_TG 16:1_18:0_18:2",874.786,13.7875,"[M+NH4]+",0.6667,0.0397,0.872583943455256,0.873658517692959,2.45264246114822,"Top 1"
3878,"TG","TG 52:3_CAH_TG 16:0_16:0_20:3",874.785,13.9746,"[M+NH4]+",0.5,0.009,0.822139970056689,0.828804854549684,2.15994482460637,"Top 1"
966,"NAE","NAE 20:1_CAH_NAE 20:1",354.337,3.878,"[M+H]+",1,0.2607,0.873067460762717,0.873067460762717,3.00683492152543,"Top 1"
3705,"TG","TG 52:4_CAH_TG 16:1_18:0_18:3",872.77,13.378,"[M+NH4]+",0.6667,0.0175,0.859806440986197,0.874943230446256,2.41894967143245,"Top 1"
3765,"TG","TG 52:4_CAH_TG 16:1_16:0_20:3",872.77,13.5861,"[M+NH4]+",1,0.0247,0.86880356251854,0.874993687282545,2.76849724980108,"Top 1"
3643,"TG","TG 52:5_CAH_TG 16:1_16:0_20:4",870.755,13.1646,"[M+NH4]+",0.6667,0.0203,0.874995348924453,0.874995348924453,2.43699069784891,"Top 1"
3588,"TG","TG 52:6_CAH_TG 16:0_18:3_18:3",868.739,12.9667,"[M+NH4]+",0.5,0.0099,0.874827299348444,0.874997527505541,2.25972482685399,"Top 1"
4222,"TG-O","TG-O 52:0_CAH_TG-O 16:0_18:0_18:0",866.854,15.1761,"[M+NH4]+",0.5,0.0175,0.852810780311903,0.863859448052056,2.23417022836396,"Top 1"
4008,"TG","TG 51:0_CAH_TG 15:0_18:0_18:0",866.817,14.4238,"[M+NH4]+",0.5,0.054,0.874812059212979,0.874751688906009,2.30356374811899,"Top 1"
4108,"TG-O","TG-O 52:1_CAH_TG-O 16:0_18:0_18:1",864.838,14.7717,"[M+NH4]+",0.6667,0.023,0.871983463511716,0.874227510946466,2.43591097445818,"Top 1"
3843,"TG","TG 51:1_CAH_TG 17:0_17:0_17:1",864.801,13.8591,"[M+NH4]+",1,0.0118,0.806919230256286,0.808845195545962,2.62756442580225,"Top 1"
3925,"TG","TG 51:1_CAH_TG 16:0_17:0_18:1",864.801,14.1391,"[M+NH4]+",1,0.1116,0.873425601757397,0.874921249135445,2.85994685089284,"Top 1"
3555,"CoQ10_CAH_CoQ10","CoQ10_CAH_CoQ10",863.691,12.8552,"[M+H]+",0.5,0.2469,0.5,0.5,1.7469,"Top 1"
4892,"NAE","NAE 20:0_CAH_NAE 20:0",356.352,17.5314,"[M+H]+",1,0.2518,0.874387572815121,0.874962366100305,3.00114993891543,"Top 1"
4031,"TG-O","TG-O 52:2_CAH_TG-O 20:2_16:0_16:0",862.822,14.5019,"[M+NH4]+",0.5,0.0265,0.871222849922997,0.872950013454021,2.27067286337702,"Top 1"
3862,"TG","TG 51:2_CAH_TG 17:0_17:1_17:1",862.786,13.926,"[M+NH4]+",1,0.0324,0.871596707681237,0.873985340221193,2.77798204790243,"Top 1"
3745,"TG","TG 51:2_CAH_TG 16:0_16:0_19:2",862.786,13.5169,"[M+NH4]+",0.5,0.0071,0.801862682031815,0.783526804335855,2.09248948636767,"Top 1"
3958,"TG-O","TG-O 52:3_CAH_TG-O 20:3_16:0_16:0",860.807,14.2504,"[M+NH4]+",0.5,0.0063,0.874936117521671,0.874936117521672,2.25617223504334,"Top 1"
3806,"TG","TG 51:3_CAH_TG 16:1_17:0_18:2",860.77,13.7276,"[M+NH4]+",0.6667,0.0166,0.846068296957025,0.851147906602855,2.38051620355988,"Top 1"
3747,"TG","TG 51:3_CAH_TG 15:0_18:3_18:0",860.769,13.5215,"[M+NH4]+",0.6667,0.0134,0.874884032938484,0.87485823988435,2.42984227282283,"Top 1"
3670,"TG","TG 51:4_CAH_TG 15:1_16:0_20:3",858.754,13.2524,"[M+NH4]+",1,0.0166,0.874092826678636,0.874966409999187,2.76565923667782,"Top 1"
3198,"GPNAE","GPNAE 46:8_CAH_GPNAE 46:8",858.637,11.5997,"[M+H]+",1,0.0089,0.5,0.5,2.0089,"Top 1"
3757,"TG-O","TG-O 52:6_CAH_TG-O 16:0_14:0_22:6",854.759,13.5562,"[M+NH4]+",0.6667,0.0489,0.5,0.5,1.7156,"Top 1"
3268,"GPNAE","GPNAE 45:3_CAH_GPNAE 45:3",854.698,11.8437,"[M+H]+",1,0.0146,0.5,0.5,2.0146,"Top 1"
3268,"CAR","CAR 50:11_CAH_CAR 50:11",854.698,11.8437,"[M]+",0.5,0.0146,0.5,0.5,1.5146,"Top 2"
4146,"TG-O","TG-O 51:0_CAH_TG-O 19:0_16:0_16:0",852.839,14.9059,"[M+NH4]+",0.5,0.0293,0.874456995983885,0.874475353923752,2.27823234990764,"Top 1"
3965,"TG","TG 50:0_CAH_TG 14:0_18:0_18:0",852.802,14.2782,"[M+NH4]+",0.5,0.0616,0.871463714800743,0.87408297594261,2.30714669074335,"Top 1"
3139,"GPNAE","GPNAE 45:4_CAH_GPNAE 45:4",852.682,11.3928,"[M+H]+",1,0.0245,0.87214251072463,0.87214251072463,2.76878502144926,"Top 1"
3139,"CAR","CAR 50:12_CAH_CAR 50:12",852.682,11.3928,"[M]+",0.5,0.0245,0.5,0.5,1.5245,"Top 2"
3981,"TG-O","TG-O 51:1_CAH_TG-O 17:1_17:0_17:0",850.822,14.3286,"[M+NH4]+",0.5,0.0077,0.797300204663293,0.84467451630228,2.14967472096557,"Top 1"
4066,"TG-O","TG-O 51:1_CAH_TG-O 16:0_17:0_18:1",850.822,14.6277,"[M+NH4]+",0.6667,0.0214,0.874773844448733,0.874799201404389,2.43767304585312,"Top 1"
3882,"TG","TG 50:1_CAH_TG 16:0_16:0_18:1",850.785,13.9951,"[M+NH4]+",1,0.1345,0.872646882982362,0.873798165152193,2.88094504813456,"Top 1"
3088,"CE","CE 33:15_CAH_CE 33:15",850.653,11.2166,"[M+NH4]+",0.75,0.0701,0.5,0.5,1.8201,"Top 1"
3088,"LDGCC","LDGCC 43:9_CAH_LDGCC 43:9",850.653,11.2166,"[M+H]+",0.75,0.0677,0.5,0.5,1.8177,"Top 2"
2867,"PE","PE 44:5_CAH_PE 20:4_24:1",850.632,10.451,"[M+H]+",0.75,0.0337,0.5,0.5,1.7837,"Top 1"
361,"MG","MG 17:0_CAH_MG 17:0",362.326,1.7358,"[M+NH4]+",1,0.1688,0.869168913625483,0.869990672385362,2.90795958601084,"Top 1"
3991,"TG-O","TG-O 51:2_CAH_TG-O 15:0_16:0_20:2",848.806,14.3632,"[M+NH4]+",0.6667,0.0181,0.874710312320451,0.874886343758892,2.43439665607934,"Top 1"
3832,"TG","TG 50:2_CAH_TG 16:0_17:1_17:1",848.77,13.8221,"[M+NH4]+",0.5,0.0234,0.874840042985333,0.874972132690218,2.27321217567555,"Top 1"
3713,"TG","TG 50:3_CAH_TG 16:0_16:0_18:3",846.754,13.4079,"[M+NH4]+",0.5,0.0138,0.872574314809821,0.873406349299783,2.2597806641096,"Top 1"
279,"CAR","CAR 14:0_CAH_CAR 14:0",372.311,1.4572,"[M]+",1,0.0995,0.846003455674728,0.77521633694852,2.72071979262325,"Top 2"
279,"MG","MG 18:2_CAH_MG 18:2",372.311,1.4572,"[M+NH4]+",1,0.0716,0.844527394528832,0.870239060264637,2.78636645479347,"Top 1"
3596,"TG","TG 50:4_CAH_TG 16:2_16:1_18:1",844.739,12.9969,"[M+NH4]+",0.6667,0.0238,0.874994516094856,0.874998769619472,2.44049328571433,"Top 1"
3654,"TG","TG 50:4_CAH_TG 16:0_16:3_18:1",844.738,13.2018,"[M+NH4]+",0.6667,0.0118,0.84081280857624,0.874810049473119,2.39412285804936,"Top 1"
3057,"SM","SM 44:3_CAH_SM 18:1;2O/26:2",839.698,11.1104,"[M+H]+",0.75,0.0279,0.5,0.5,1.7779,"Top 1"
4105,"TG-O","TG-O 50:0_CAH_TG-O 14:0_18:0_18:0",838.823,14.7647,"[M+NH4]+",0.5,0.0162,0.874300044769296,0.872945745025621,2.26344578979492,"Top 1"
3905,"TG","TG 49:0_CAH_TG 13:0_18:0_18:0",838.786,14.0698,"[M+NH4]+",0.5,0.0137,0.873335233925714,0.87430979454932,2.26134502847503,"Top 1"
4759,"NAE","NAE 22:3_CAH_NAE 22:3",378.335,17.0572,"[M+H]+",1,0.2193,0.5,0.5,2.2193,"Top 1"
4015,"TG-O","TG-O 50:1_CAH_TG-O 16:0_16:0_18:1",836.806,14.4515,"[M+NH4]+",1,0.053,0.871286402098816,0.87175096766607,2.79603736976489,"Top 1"
3935,"TG-O","TG-O 50:1_CAH_TG-O 17:0_14:0_19:1",836.806,14.1737,"[M+NH4]+",0.6667,0.0155,0.801011113483663,0.868581752858815,2.35179286634248,"Top 1"
3842,"TG","TG 49:1_CAH_TG 16:0_16:0_17:1",836.77,13.8567,"[M+NH4]+",1,0.0628,0.863953685091614,0.871412324038988,2.7981660091306,"Top 1"
4810,"NAE","NAE 22:0_CAH_NAE 22:0",384.384,17.2366,"[M+H]+",1,0.2517,0.874992652864117,0.874963819226627,3.00165647209074,"Top 1"
3937,"TG-O","TG-O 50:2_CAH_TG-O 18:2_16:0_16:0",834.791,14.1784,"[M+NH4]+",0.5,0.0095,0.870163584284597,0.873734777690245,2.25339836197484,"Top 1"
3725,"TG","TG 49:2_CAH_TG 14:0_16:0_19:2",834.754,13.4475,"[M+NH4]+",0.6667,0.0265,0.869710351109443,0.851668621179905,2.41457897228935,"Top 1"
3783,"TG","TG 49:2_CAH_TG 14:0_17:0_18:2",834.754,13.651,"[M+NH4]+",0.6667,0.0137,0.874764025157416,0.87221238273843,2.42737640789585,"Top 1"
410,"MG","MG 19:0_CAH_MG 19:0",390.357,1.9046,"[M+NH4]+",1,0.1751,0.837214461811972,0.834022937848957,2.84633739966093,"Top 1"
3667,"TG","TG 49:3_CAH_TG 13:1_18:1_18:1",832.738,13.2436,"[M+NH4]+",0.5,0.0075,0.872493613982565,0.874587417642038,2.2545810316246,"Top 1"
2830,"DG-O","DG-O 53:17_CAH_DG-O 29:11_24:6",832.622,10.3212,"[M+NH4]+",1,0.0118,0.5,0.5,2.0118,"Top 1"
2830,"Cer","Cer 56:16_CAH_Cer 23:1;2O/33:15;O",832.622,10.3212,"[M+H]+",0.75,0.0067,0.5,0.5,1.7567,"Top 2"
2927,"DG-O","DG-O 53:17_CAH_DG-O 31:11_22:6",832.621,10.6593,"[M+NH4]+",1,0.0367,0.5,0.5,2.0367,"Top 1"
2927,"CAR","CAR 49:15_CAH_CAR 49:15",832.621,10.6593,"[M]+",0.5,0.0141,0.5,0.5,1.5141,"Top 3"
2927,"Cer","Cer 56:16_CAH_Cer 24:0;2O/32:16;O",832.621,10.6593,"[M+H]+",1,0.0153,0.5,0.5,2.0153,"Top 2"
833,"NAE","NAE 23:1_CAH_NAE 23:1",396.384,3.3822,"[M+H]+",1,0.0686,0.867249647455659,0,1.93584964745566,"Top 1"
3100,"GPNAE","GPNAE 43:3_CAH_GPNAE 43:3",826.666,11.2575,"[M+H]+",1,0.0077,0.5,0.5,2.0077,"Top 1"
342,"MG","MG 20:2_CAH_MG 20:2",400.342,1.6691,"[M+NH4]+",1,0.0873,0.840093340078625,0.872102837330697,2.79949617740932,"Top 2"
342,"CAR","CAR 16:0_CAH_CAR 16:0",400.342,1.6691,"[M]+",1,0.1166,0.841665792355011,0.872233346810685,2.8304991391657,"Top 1"
4059,"TG-O","TG-O 49:0_CAH_TG-O 17:0_16:0_16:0",824.806,14.6,"[M+NH4]+",0.5,0.055,0.874567050184513,0.873644866757736,2.30321191694225,"Top 1"
3856,"TG","TG 48:0_CAH_TG 16:0_16:0_16:0",824.77,13.9008,"[M+NH4]+",1,0.1444,0.87496330805386,0.874784499043121,2.89414780709698,"Top 1"
3763,"TG","TG 48:0_CAH_TG 12:0_18:0_18:0",824.77,13.5814,"[M+NH4]+",0.5,0.0042,0.800744948442215,0.800466170245809,2.10541111868802,"Top 1"
3977,"TG-O","TG-O 49:1_CAH_TG-O 17:0_14:0_18:1",822.79,14.3176,"[M+NH4]+",0.6667,0.0185,0.873338724879474,0.87492892149113,2.4334676463706,"Top 1"
3802,"TG","TG 48:1_CAH_TG 16:0_16:0_16:1",822.754,13.7182,"[M+NH4]+",1,0.0886,0.854408099098196,0.874553839480858,2.81756193857905,"Top 1"
3692,"TG","TG 48:2_CAH_TG 14:0_16:0_18:2",820.738,13.3363,"[M+NH4]+",0.6667,0.0361,0.874530799561609,0.871910367846951,2.44924116740856,"Top 1"
404,"CAR","CAR 17:0_CAH_CAR 17:0",414.358,1.8793,"[M]+",1,0.1144,0.860472255553392,0.869936993703973,2.84480924925737,"Top 1"
404,"MG","MG 21:2_CAH_MG 21:2",414.358,1.8793,"[M+NH4]+",1,0.0819,0.859811183286355,0.869706606043836,2.81141778933019,"Top 2"
3634,"TG","TG 48:3_CAH_TG 14:0_14:1_20:2",818.723,13.1321,"[M+NH4]+",0.6667,0.0094,0.865883963179805,0.874588070744348,2.41657203392415,"Top 1"
3578,"TG","TG 48:3_CAH_TG 16:3_16:0_16:0",818.722,12.9318,"[M+NH4]+",0.5,0.0058,0.874297248265925,0.874337359140037,2.25443460740596,"Top 1"
561,"MG","MG 21:0_CAH_MG 21:0",418.389,2.4262,"[M+NH4]+",1,0.184,0.871050565575938,0.872228819723898,2.92727938529984,"Top 1"
1176,"NAE","NAE 25:1_CAH_NAE 25:1",424.414,4.6081,"[M+H]+",1,0.102,0.8739178652812,0.8739178652812,2.8498357305624,"Top 1"
382,"MG","MG 22:3_CAH_MG 22:3",426.358,1.8056,"[M+NH4]+",1,0.0922,0.222909250124326,0.193972585556303,1.50908183568063,"Top 2"
382,"CAR","CAR 18:1_CAH_CAR 18:1",426.358,1.8056,"[M]+",1,0.1229,0.224055151775099,0.196342468523523,1.54329762029862,"Top 1"
482,"MG","MG 22:2_CAH_MG 22:2",428.373,2.1498,"[M+NH4]+",1,0.0897,0.85364498541197,0.872557425213292,2.81590241062526,"Top 2"
482,"CAR","CAR 18:0_CAH_CAR 18:0",428.373,2.1498,"[M]+",1,0.1212,0.854544023021591,0.872660256639069,2.84840427966066,"Top 1"
2784,"PC","PC 38:1_CAH_PC 38:1",816.647,10.1668,"[M+H]+",0.5,0.2394,0.5,0.5,1.7394,"Top 1"
443,"LPC-O","LPC-O 13:1_CAH_LPC-O 13:1",438.298,2.0147,"[M+H]+",0.75,0.0231,0.5,0.5,1.7731,"Top 1"
1061,"CE","CE 31:19_CAH_CE 31:19",814.559,4.2043,"[M+NH4]+",0.75,0.0101,0.5,0.5,1.7601,"Top 1"
1061,"DGTS","DGTS 41:12_CAH_DGTS 19:5_22:7",814.559,4.2043,"[M+H]+",0.5,0.0095,0.5,0.5,1.5095,"Top 2"
2089,"PS","PS 38:3_CAH_PS 38:3",814.559,7.7635,"[M+H]+",0.5,0.1523,0.5,0.5,1.6523,"Top 1"
2524,"PC","PC 38:3_CAH_PC 38:3",812.616,9.2704,"[M+H]+",0.5,0.237,0.874708416729213,0.873278977174679,2.48498739390389,"Top 1"
622,"MG","MG 23:1_CAH_MG 23:1",444.404,2.6361,"[M+NH4]+",1,0.0703,0.5,0.5,2.0703,"Top 1"
4010,"TG-O","TG-O 48:0_CAH_TG-O 16:0_14:0_18:0",810.79,14.4301,"[M+NH4]+",0.6667,0.0227,0.874964212103843,0.874761013344438,2.43912522544828,"Top 1"
3823,"TG","TG 47:0_CAH_TG 11:0_18:0_18:0",810.754,13.7898,"[M+NH4]+",0.5,0.0081,0.860231086569219,0.863469988922909,2.23180107549213,"Top 1"
786,"MG","MG 23:0_CAH_MG 23:0",446.421,3.2224,"[M+NH4]+",1,0.1835,0.873971573121932,0.874879882364279,2.93235145548621,"Top 1"
860,"NAE","NAE 28:7_CAH_NAE 28:7",454.368,3.4771,"[M+H]+",1,0.254,0.5,0.5,2.254,"Top 1"
521,"CAR","CAR 20:1_CAH_CAR 20:1",454.389,2.286,"[M]+",1,0.1133,0.794945472005932,0.794945472005932,2.70319094401186,"Top 1"
521,"MG","MG 24:3_CAH_MG 24:3",454.389,2.286,"[M+NH4]+",1,0.0845,0.791636852995008,0.791636852995008,2.66777370599002,"Top 2"
3926,"TG-O","TG-O 48:1_CAH_TG-O 14:0_16:0_18:1",808.775,14.1414,"[M+NH4]+",0.6667,0.0242,0.874149144297911,0.874795221652372,2.43984436595028,"Top 1"
3711,"TG","TG 47:1_CAH_TG 12:0_17:0_18:1",808.739,13.3937,"[M+NH4]+",0.6667,0.0229,0.868654955158758,0.869380421836148,2.42763537699491,"Top 1"
375,"LDGTS","LDGTS 15:1_CAH_LDGTS 15:1",458.347,1.778,"[M+H]+",0.5,0.0041,0.5,0.5,1.5041,"Top 1"
3764,"TG","TG 47:1_CAH_TG 15:0_16:0_16:1",808.738,13.5837,"[M+NH4]+",1,0.072,0.842959240195244,0.869304230074059,2.7842634702693,"Top 1"
3851,"TG-O","TG-O 48:2_CAH_TG-O 18:1_14:0_16:1",806.759,13.8793,"[M+NH4]+",0.6667,0.012,0.873441578135592,0.874894667890591,2.42703624602618,"Top 1"
3645,"TG","TG 47:2_CAH_TG 14:1_15:0_18:1",806.723,13.1692,"[M+NH4]+",1,0.0247,0.866713768721154,0.872813841492224,2.76422761021338,"Top 1"
475,"LPE-O","LPE-O 18:2_CAH_LPE-O 18:2",464.314,2.1224,"[M+H]+",1,0.0295,0.5,0.5,2.0295,"Top 1"
475,"Cer","Cer 30:10_CAH_Cer 20:1;2O/10:9",464.314,2.1224,"[M+H]+",0.75,0.0837,0.5,0.5,1.8337,"Top 2"
357,"LPE-O","LPE-O 18:1_CAH_LPE-O 18:1",466.329,1.7168,"[M+H]+",1,0.084,0.5,0.5,2.084,"Top 2"
357,"Cer","Cer 30:9_CAH_Cer 18:1;2O/12:8",466.329,1.7168,"[M+H]+",0.75,0.0495,0.874461452606246,0.874461452606246,2.54842290521249,"Top 1"
588,"Cer","Cer 30:9_CAH_Cer 10:9;2O/20:0",466.33,2.5138,"[M+H]+",0.75,0.0541,0.181467251848511,0.5,1.48556725184851,"Top 1"
2879,"GPNAE","GPNAE 41:3_CAH_GPNAE 41:3",798.635,10.4903,"[M+H]+",1,0.0162,0.5,0.5,2.0162,"Top 1"
2292,"PC","PC 37:3_CAH_PC 37:3",798.6,8.4724,"[M+H]+",0.5,0.2337,0.874344330415249,0.871044792966677,2.47908912338193,"Top 1"
3748,"TG","TG 46:0_CAH_TG 14:0_14:0_18:0",796.738,13.5239,"[M+NH4]+",0.5,0.0386,0.874699862571574,0.874112333319018,2.28741219589059,"Top 1"
2658,"DG-O","DG-O 50:14_CAH_DG-O 30:14_20:0",796.621,9.7294,"[M+NH4]+",1,0.0106,0.5,0.5,2.0106,"Top 1"
2658,"PE-P","PE-P 41:3_CAH_PE-P 21:3_20:0",796.621,9.7294,"[M+H]+",0.75,0.0106,0.5,0.5,1.7606,"Top 2"
2658,"CAR","CAR 46:12_CAH_CAR 46:12",796.621,9.7294,"[M]+",0.5,0.0089,0.5,0.5,1.5089,"Top 3"
2713,"GPNAE","GPNAE 41:4_CAH_GPNAE 41:4",796.619,9.9238,"[M+H]+",1,0.0085,0.872886146929317,0.872886146929317,2.75427229385863,"Top 1"
3308,"CoQ9_CAH_CoQ9","CoQ9_CAH_CoQ9",795.629,11.9827,"[M+H]+",0.5,0.2332,0.5,0.5,1.7332,"Top 1"
405,"LPC-O","LPC-O 16:1_CAH_LPC-O 16:1",480.345,1.8817,"[M+H]+",0.75,0.0308,0.5,0.5,1.7808,"Top 1"
3672,"TG","TG 46:1_CAH_TG 15:0_15:0_16:1",794.723,13.2668,"[M+NH4]+",1,0.0398,0.874753696947891,0.872697566431589,2.78725126337948,"Top 1"
430,"Cer","Cer 31:8_CAH_Cer 12:8;2O/19:0",482.361,1.9734,"[M+H]+",0.75,0.0319,0.5,0.5,1.7819,"Top 2"
430,"LPE-O","LPE-O 19:0_CAH_LPE-O 19:0",482.361,1.9734,"[M+H]+",1,0.0385,0.874082233568496,0.874082233568495,2.78666446713699,"Top 1"
3614,"TG","TG 46:2_CAH_TG 15:0_15:0_16:2",792.707,13.0621,"[M+NH4]+",0.5,0.0096,0.87453639818974,0.873991747557102,2.25812814574684,"Top 1"
3559,"TG","TG 46:2_CAH_TG 14:0_14:0_18:2",792.707,12.8647,"[M+NH4]+",0.5,0.0176,0.871930559511319,0.872553178072943,2.26208373758426,"Top 1"
844,"LPE-O","LPE-O 20:1_CAH_LPE-O 20:1",494.361,3.4297,"[M+H]+",1,0.0294,0.5,0.5,2.0294,"Top 1"
399,"Cer","Cer 31:9_CAH_Cer 12:8;2O/19:1;O",496.34,1.8677,"[M+H]+",0.75,0.061,0.850140838965141,0.871957084583842,2.53309792354898,"Top 3"
399,"CAR","CAR 24:8_CAH_CAR 24:8",496.34,1.8677,"[M]+",0.5,0.022,0.873141045279789,0.874652300734328,2.26979334601412,"Top > 3"
399,"MG","MG 28:10_CAH_MG 28:10",496.34,1.8677,"[M+NH4]+",1,0.022,0.874298939953198,0.874618229036178,2.77091716898938,"Top 1"
399,"LPE","LPE 19:0_CAH_LPE 19:0",496.34,1.8677,"[M+H]+",1,0.022,0.8715833995882,0.874631350197789,2.76821474978599,"Top 2"
511,"Cer","Cer 32:8_CAH_Cer 12:8;2O/20:0",496.377,2.2512,"[M+H]+",0.75,0.0371,0.5,0.5,1.7871,"Top 2"
511,"LPE-O","LPE-O 20:0_CAH_LPE-O 20:0",496.377,2.2512,"[M+H]+",1,0.0465,0.873021503566875,0.873021503566876,2.79254300713375,"Top 1"
1244,"LDGCC","LDGCC 17:1_CAH_LDGCC 17:1",502.374,4.847,"[M+H]+",0.75,0.0892,0.5,0.5,1.8392,"Top 1"
2634,"PC","PC 36:3_CAH_PC 17:2_19:1",784.586,9.6509,"[M+H]+",0.5,0.0288,0.78808398903327,0.776205466262465,2.09308945529573,"Top 1"
3916,"TG-O","TG-O 46:0_CAH_TG-O 14:0_16:0_16:0",782.759,14.1068,"[M+NH4]+",0.5,0.0247,0.874764996761206,0.873871789534635,2.27333678629584,"Top 1"
3685,"TG","TG 45:0_CAH_TG 15:0_15:0_15:0",782.723,13.3086,"[M+NH4]+",1,0.1311,0.869780885363127,0.869177200964281,2.87005808632741,"Top 1"
3743,"TG","TG 45:0_CAH_TG 13:0_16:0_16:0",782.722,13.5121,"[M+NH4]+",0.5,0.0162,0.836099837493922,0.839224854987338,2.19152469248126,"Top 1"
552,"Cer","Cer 33:9_CAH_Cer 12:8;2O/21:1",508.377,2.3934,"[M+H]+",0.75,0.048,0.799230892953537,0.776800858887639,2.37403175184118,"Top 1"
552,"LPE-O","LPE-O 21:1_CAH_LPE-O 21:1",508.377,2.3934,"[M+H]+",1,0.0781,0.5,0.5,2.0781,"Top 2"
2795,"PE-P","PE-P 40:3_CAH_PE-P 16:0_24:3",782.606,10.2039,"[M+H]+",0.75,0.0185,0.5,0.5,1.7685,"Top 1"
471,"Cer","Cer 32:9_CAH_Cer 12:8;2O/20:1;O",510.355,2.1131,"[M+H]+",0.75,0.0533,0.872081849795078,0.872081849795079,2.54746369959016,"Top 3"
471,"CAR","CAR 25:8_CAH_CAR 25:8",510.355,2.1131,"[M]+",0.5,0.0203,0.872773165975998,0.874717373559331,2.26779053953533,"Top > 3"
471,"MG","MG 29:10_CAH_MG 29:10",510.355,2.1131,"[M+NH4]+",1,0.0203,0.872691594569384,0.87470702063852,2.7676986152079,"Top 1"
471,"LPE","LPE 20:0_CAH_LPE 20:0",510.355,2.1131,"[M+H]+",1,0.0203,0.870839091123955,0.874309430376189,2.76544852150014,"Top 2"
592,"Cer","Cer 33:8_CAH_Cer 12:8;2O/21:0",510.392,2.5327,"[M+H]+",0.75,0.0336,0.5,0.5,1.7836,"Top 2"
592,"LPE-O","LPE-O 21:0_CAH_LPE-O 21:0",510.392,2.5327,"[M+H]+",1,0.0379,0.873916279211892,0.873916279211892,2.78573255842378,"Top 1"
991,"CAR","CAR 24:1_CAH_CAR 24:1",510.453,3.9608,"[M]+",1,0.0263,0.869064758079227,0.869064758079227,2.76442951615845,"Top 1"
991,"MG","MG 28:3_CAH_MG 28:3",510.453,3.9608,"[M+NH4]+",1,0.0184,0.868847385026787,0.868847385026787,2.75609477005357,"Top 2"
1311,"MG","MG 28:2_CAH_MG 28:2",512.468,5.072,"[M+NH4]+",1,0.1016,0.874608129800292,0.874975738507936,2.85118386830823,"Top 2"
1311,"CAR","CAR 24:0_CAH_CAR 24:0",512.468,5.072,"[M]+",1,0.139,0.874621920193812,0.874976592299633,2.88859851249344,"Top 1"
2493,"Cer","Cer 32:0_CAH_Cer 16:0;2O/16:0",512.504,9.1636,"[M+H]+",0.75,0.0886,0.874708613924714,0.874708613924714,2.58801722784943,"Top 1"
3818,"TG-O","TG-O 46:1_CAH_TG-O 14:0_14:0_18:1",780.743,13.7669,"[M+NH4]+",0.6667,0.0213,0.8745684326206,0.874932216537319,2.43750064915792,"Top 1"
3597,"TG","TG 45:1_CAH_TG 11:0_16:0_18:1",780.707,12.9993,"[M+NH4]+",0.6667,0.0172,0.867499732682872,0.871726817498014,2.42312655018089,"Top 1"
362,"LPE","LPE 21:3_CAH_LPE 21:3",518.322,1.7381,"[M+H]+",1,0.0118,0.5,0.5,2.0118,"Top 2"
362,"LPC","LPC 16:0_CAH_LPC 16:0",518.322,1.7381,"[M+Na]+",1,0.0661,0.855867015982578,0.874929721941527,2.7968967379241,"Top 1"
2677,"Cer","Cer 53:13_CAH_Cer 26:4;2O/27:9",780.632,9.7964,"[M+H]+",0.75,0.0567,0.5,0.5,1.8067,"Top 1"
2677,"HexCer","HexCer 40:3_CAH_HexCer 20:0;2O/20:3",780.632,9.7964,"[M+H]+",0.75,0.0552,0.5,0.5,1.8052,"Top 2"
2637,"PE-P","PE-P 40:4_CAH_PE-P 18:0_22:4",780.591,9.6579,"[M+H]+",1,0.0179,0.5,0.5,2.0179,"Top 1"
419,"CAR","CAR 26:9_CAH_CAR 26:9",522.356,1.9368,"[M]+",0.5,0.0209,0.853200082716938,0.805629188022502,2.17972927073944,"Top 2"
419,"MG","MG 30:11_CAH_MG 30:11",522.356,1.9368,"[M+NH4]+",1,0.0209,0.852420528510518,0.869474069500828,2.74279459801135,"Top 1"
419,"LPE","LPE 21:1_CAH_LPE 21:1",522.356,1.9368,"[M+H]+",1,0.0204,0.5,0.5,2.0204,"Top 3"
419,"Cer","Cer 33:10_CAH_Cer 12:8;2O/21:2;O",522.356,1.9368,"[M+H]+",0.75,0.0655,0.5,0.5,1.8155,"Top > 3"
307,"LPE","LPE 22:7_CAH_LPE 22:7",524.275,1.5466,"[M+H]+",1,0.0269,0.5,0.5,2.0269,"Top 1"
519,"Cer","Cer 33:9_CAH_Cer 12:8;2O/21:1;O",524.372,2.2814,"[M+H]+",0.75,0.0608,0.872041667676818,0.872041667676818,2.55488333535364,"Top 2"
519,"CAR","CAR 26:8_CAH_CAR 26:8",524.372,2.2814,"[M]+",0.5,0.0199,0.864046894288137,0.874909352346961,2.2588562466351,"Top 3"
519,"LPE","LPE 21:0_CAH_LPE 21:0",524.372,2.2814,"[M+H]+",1,0.0194,0.871745708716252,0.874909177379342,2.76605488609559,"Top 1"
570,"MG","MG 30:10_CAH_MG 30:10",524.372,2.459,"[M+NH4]+",1,0.0177,0.873894294521707,0.873894294521708,2.76548858904342,"Top 1"
2607,"DG-O","DG-O 49:16_CAH_DG-O 29:11_20:5",778.575,9.5548,"[M+NH4]+",1,0.0131,0.5,0.5,2.0131,"Top 1"
2607,"CAR","CAR 45:14_CAH_CAR 45:14",778.575,9.5548,"[M]+",0.5,0.0132,0.5,0.5,1.5132,"Top 2"
2465,"PE-P","PE-P 40:5_CAH_PE-P 18:1_22:4",778.574,9.0662,"[M+H]+",0.75,0.0209,0.5,0.5,1.7709,"Top 1"
325,"PE","PE 21:4_CAH_PE 10:3_11:1",530.288,1.609,"[M+H]+",0.75,0.0159,0.5,0.5,1.7659,"Top 1"
1325,"MG","MG 30:5_CAH_MG 30:5",534.452,5.1263,"[M+NH4]+",1,0.1089,0.5,0.5,2.1089,"Top 1"
1325,"CAR","CAR 26:3_CAH_CAR 26:3",534.452,5.1263,"[M]+",0.5,0.1089,0.5,0.5,1.6089,"Top 3"
1325,"Cer","Cer 33:4_CAH_Cer 16:0;2O/17:4;O",534.452,5.1263,"[M+H]+",0.75,0.1033,0.5,0.5,1.8533,"Top 2"
1951,"PC","PC 35:3_CAH_PC 35:3",770.569,7.285,"[M+H]+",0.5,0.2286,0.874476191650237,0.871554028631635,2.47463022028187,"Top 1"
3636,"TG","TG 44:0_CAH_TG 12:0_16:0_16:0",768.708,13.1368,"[M+NH4]+",0.5,0.0436,0.874323402992541,0.87497063216669,2.29289403515923,"Top 1"
798,"LPE-O","LPE-O 23:1_CAH_LPE-O 23:1",536.409,3.2627,"[M+H]+",1,0.0499,0.5,0.5,2.0499,"Top 1"
2439,"GPNAE","GPNAE 39:4_CAH_GPNAE 39:4",768.588,8.9719,"[M+H]+",1,0.0099,0.874096737024015,0.874096737024015,2.75809347404803,"Top 1"
619,"CAR","CAR 27:8_CAH_CAR 27:8",538.387,2.6291,"[M]+",0.5,0.0198,0.873996171835347,0.87484398963806,2.26864016147341,"Top > 3"
619,"MG","MG 31:10_CAH_MG 31:10",538.387,2.6291,"[M+NH4]+",1,0.0198,0.873961381348777,0.874391119641512,2.76815250099029,"Top 2"
619,"LPE","LPE 22:0_CAH_LPE 22:0",538.387,2.6291,"[M+H]+",1,0.0212,0.873264830604891,0.874843696361611,2.7693085269665,"Top 1"
619,"Cer","Cer 34:9_CAH_Cer 12:8;2O/22:1;O",538.387,2.6291,"[M+H]+",0.75,0.0591,0.874418422965544,0.874418422965544,2.55793684593109,"Top 3"
1884,"PC","PC 35:4_CAH_PC 35:4",768.553,7.0596,"[M+H]+",0.5,0.2337,0.5,0.5,1.7337,"Top 1"
839,"LPE-O","LPE-O 23:0_CAH_LPE-O 23:0",538.424,3.4063,"[M+H]+",1,0.0303,0.853956287130548,0.853956287130548,2.73821257426109,"Top 1"
3540,"TG","TG 44:1_CAH_TG 12:0_14:1_18:0",766.693,12.7986,"[M+NH4]+",0.6667,0.0158,0.867940870199082,0.874427189281117,2.4248680594802,"Top 1"
2290,"PE","PE 38:5_CAH_PE 18:1_20:4",766.537,8.4581,"[M+H]+",0.75,0.0732,0.5,0.5,1.8232,"Top 1"
885,"LDGTS","LDGTS 21:2_CAH_LDGTS 21:2",540.427,3.5718,"[M+H]+",0.5,0.0361,0.5,0.5,1.5361,"Top 1"
2373,"Cer","Cer 34:0_CAH_Cer 16:0;2O/18:0",540.536,8.7507,"[M+H]+",0.5,0.0852,0.872185065721347,0.874347462173904,2.33173252789525,"Top 1"
2735,"Cer","Cer 34:0_CAH_Cer 18:0;2O/16:0",540.536,9.9977,"[M+H]+",0.75,0.0834,0.794680187240907,0.780354781300976,2.40843496854188,"Top 1"
522,"LPE","LPE 23:3_CAH_LPE 23:3",546.354,2.2883,"[M+H]+",1,0.013,0.5,0.5,2.013,"Top 2"
522,"LPC","LPC 18:0_CAH_LPC 18:0",546.354,2.2883,"[M+Na]+",1,0.0702,0.866769861496745,0.874779599349039,2.81174946084578,"Top 1"
2502,"PC","PC 34:0_CAH_PC 34:0",762.601,9.1959,"[M+H]+",0.5,0.2377,0.5,0.5,1.7377,"Top 1"
526,"LPE","LPE 23:1_CAH_LPE 23:1",550.387,2.2976,"[M+H]+",1,0.0173,0.5,0.5,2.0173,"Top 3"
526,"MG","MG 32:11_CAH_MG 32:11",550.387,2.2976,"[M+NH4]+",1,0.0169,0.849517858914552,0.872169446158851,2.7385873050734,"Top 1"
526,"CAR","CAR 28:9_CAH_CAR 28:9",550.387,2.2976,"[M]+",0.5,0.0169,0.850352820980527,0.872262193666805,2.23951501464733,"Top 2"
702,"CAR","CAR 28:8_CAH_CAR 28:8",552.404,2.9166,"[M]+",0.5,0.0219,0.873556980377066,0.874732627524583,2.27018960790165,"Top 3"
702,"MG","MG 32:10_CAH_MG 32:10",552.404,2.9166,"[M+NH4]+",1,0.0219,0.873508280204079,0.874723604025805,2.77013188422988,"Top 1"
702,"LPE","LPE 23:0_CAH_LPE 23:0",552.404,2.9166,"[M+H]+",1,0.0219,0.871063257599421,0.874732137679681,2.7676953952791,"Top 2"
1964,"LDGCC","LDGCC 21:1_CAH_LDGCC 21:1",558.437,7.336,"[M+H]+",0.75,0.1266,0.5,0.5,1.8766,"Top 1"
1710,"PS","PS 34:2_CAH_PS 34:2",760.511,6.4541,"[M+H]+",0.5,0.0977,0.5,0.5,1.5977,"Top 1"
556,"LPE","LPE 24:3_CAH_LPE 24:3",560.37,2.4027,"[M+H]+",1,0.0162,0.5,0.5,2.0162,"Top 1"
609,"LPC","LPC 19:0_CAH_LPC 19:0",560.37,2.5945,"[M+Na]+",1,0.0644,0.856336239973584,0.874846290689819,2.7955825306634,"Top 1"
857,"CAR","CAR 29:8_CAH_CAR 29:8",566.418,3.4702,"[M]+",0.5,0.0336,0.873350850969868,0.874890107554704,2.28184095852457,"Top 3"
857,"MG","MG 33:10_CAH_MG 33:10",566.418,3.4702,"[M+NH4]+",1,0.0336,0.873296616652744,0.873777916102507,2.78067453275525,"Top 1"
857,"LPE","LPE 24:0_CAH_LPE 24:0",566.418,3.4702,"[M+H]+",1,0.0239,0.869713988036151,0.874889911214801,2.76850389925095,"Top 2"
948,"LDGTS","LDGTS 23:3_CAH_LDGTS 23:3",566.443,3.8112,"[M+H]+",0.5,0.0463,0.5,0.5,1.5463,"Top 1"
1182,"LPE-O","LPE-O 25:0_CAH_LPE-O 25:0",566.454,4.6335,"[M+H]+",1,0.0435,0.874975745073919,0.874975745073921,2.79345149014784,"Top 1"
1224,"LDGTS","LDGTS 23:2_CAH_LDGTS 23:2",568.457,4.7771,"[M+H]+",0.5,0.0422,0.5,0.5,1.5422,"Top 1"
2619,"Cer","Cer 36:0_CAH_Cer 18:0;2O/18:0",568.567,9.594,"[M+H]+",0.75,0.1191,0.869892168070904,0.874774764954879,2.61376693302578,"Top 1"
2956,"Cer","Cer 36:0_CAH_Cer 20:0;2O/16:0",568.567,10.7609,"[M+H]+",0.75,0.077,0.22437810932322,0.189006831897381,1.2403849412206,"Top 1"
3587,"TG","TG 43:0_CAH_TG 11:0_16:0_16:0",754.692,12.9644,"[M+NH4]+",1,0.0263,0.870178319497817,0.872509638540776,2.76898795803859,"Top 1"
735,"CAR","CAR 30:9_CAH_CAR 30:9",578.42,3.0313,"[M]+",0.5,0.0258,0.867848761987238,0.869074119901329,2.26272288188857,"Top 2"
735,"MG","MG 34:11_CAH_MG 34:11",578.42,3.0313,"[M+NH4]+",1,0.0258,0.867618620668724,0.868883413081498,2.76230203375022,"Top 1"
735,"LPE","LPE 25:1_CAH_LPE 25:1",578.42,3.0313,"[M+H]+",1,0.0258,0.5,0.5,2.0258,"Top 3"
3500,"TG","TG 43:1_CAH_TG 13:0_14:0_16:1",752.678,12.6584,"[M+NH4]+",0.6667,0.0186,0.870708397900017,0.871260662062355,2.42726905996237,"Top 1"
2377,"PE-P","PE-P 38:4_CAH_PE-P 18:1_20:3",752.559,8.76,"[M+H]+",0.75,0.0273,0.5,0.5,1.7773,"Top 1"
1006,"LPE","LPE 25:0_CAH_LPE 25:0",580.435,4.0186,"[M+H]+",1,0.0287,0.874467026504863,0.874955500316781,2.77812252682164,"Top 1"
1006,"MG","MG 34:10_CAH_MG 34:10",580.435,4.0186,"[M+NH4]+",1,0.0287,0.874384255338346,0.874384255338346,2.77746851067669,"Top 2"
1006,"CAR","CAR 30:8_CAH_CAR 30:8",580.435,4.0186,"[M]+",0.5,0.0287,0.868038598160735,0.874955577764197,2.27169417592493,"Top 3"
2717,"GPNAE","GPNAE 38:5_CAH_GPNAE 38:5",752.557,9.9331,"[M+H]+",1,0.0055,0.5,0.5,2.0055,"Top 1"
1532,"PC","PC 34:5_CAH_PC 34:5",752.522,5.8488,"[M+H]+",0.5,0.2376,0.5,0.5,1.7376,"Top 1"
2695,"MG","MG 33:1_CAH_MG 33:1",584.562,9.8608,"[M+NH4]+",1,0.117,0.5,0.5,2.117,"Top 1"
2198,"PE-P","PE-P 38:5_CAH_PE-P 18:1_20:4",750.543,8.1409,"[M+H]+",1,0.0337,0.5,0.5,2.0337,"Top 1"
1195,"LPC-O","LPC-O 24:1_CAH_LPC-O 24:1",592.47,4.6751,"[M+H]+",1,0.0983,0.5,0.5,2.0983,"Top 1"
995,"LDGTS","LDGTS 25:3_CAH_LDGTS 25:3",594.473,3.9808,"[M+H]+",0.5,0.1231,0.5,0.5,1.6231,"Top 1"
1553,"LPC-O","LPC-O 24:0_CAH_LPC-O 24:0",594.486,5.9207,"[M+H]+",1,0.0965,0.5,0.5,2.0965,"Top 1"
2998,"Cer","Cer 38:1_CAH_Cer 16:0;2O/22:1",594.582,10.9044,"[M+H]+",0.75,0.0921,0.874346653164022,0.874346653164024,2.59079330632805,"Top 1"
2690,"Cer","Cer 38:0_CAH_Cer 20:0;2O/18:0",596.599,9.8396,"[M+H]+",0.5,0.0895,0.846336941129314,0.874608233604536,2.31044517473385,"Top 1"
2132,"PC","PC 33:1_CAH_PC 33:1",746.57,7.9203,"[M+H]+",0.5,0.2369,0.5,0.5,1.7369,"Top 1"
1866,"PC","PC 33:2_CAH_PC 33:2",744.553,6.9953,"[M+H]+",0.5,0.2361,0.5,0.5,1.7361,"Top 1"
3518,"TG","TG 42:0_CAH_TG 14:0_14:0_14:0",740.676,12.7221,"[M+NH4]+",1,0.0589,0.874980982932935,0.874918247613918,2.80879923054685,"Top 1"
1019,"LPC","LPC 24:1_CAH_LPC 24:1",606.449,4.0604,"[M+H]+",1,0.0829,0.5,0.5,2.0829,"Top 3"
1019,"MG","MG 36:11_CAH_MG 36:11",606.449,4.0604,"[M+NH4]+",1,0.0196,0.858659005114937,0.870510356217056,2.74876936133199,"Top 1"
1019,"CAR","CAR 32:9_CAH_CAR 32:9",606.449,4.0604,"[M]+",0.5,0.0196,0.859144945472195,0.870643867005058,2.24938881247725,"Top 2"
1365,"CAR","CAR 32:8_CAH_CAR 32:8",608.465,5.2663,"[M]+",0.5,0.0264,0.87492953406373,0.874984139004632,2.27631367306836,"Top 3"
1365,"MG","MG 36:10_CAH_MG 36:10",608.465,5.2663,"[M+NH4]+",1,0.0264,0.874927381731528,0.874983654541742,2.77631103627327,"Top 2"
1365,"LPC","LPC 24:0_CAH_LPC 24:0",608.465,5.2663,"[M+H]+",1,0.0866,0.859295375248622,0.874996606333656,2.82089198158228,"Top 1"
2001,"PE","PE 36:5_CAH_PE 16:1_20:4",738.505,7.4579,"[M+H]+",0.75,0.0732,0.5,0.5,1.8232,"Top 1"
2748,"DG","DG 34:1_CAH_DG 16:0_18:1",612.557,10.0393,"[M+NH4]+",1,0.0859,0.5,0.5,2.0859,"Top 1"
2941,"DG","DG 34:0_CAH_DG 16:0_18:0",614.572,10.7047,"[M+NH4]+",1,0.0903,0.5,0.5,2.0903,"Top 1"
2112,"PC","PC 32:1_CAH_PC 32:1",732.553,7.8511,"[M+H]+",0.5,0.2351,0.5,0.5,1.7351,"Top 1"
1832,"PC","PC 32:2_CAH_PC 32:2",730.537,6.8823,"[M+H]+",0.5,0.2411,0.5,0.5,1.7411,"Top 1"
3191,"Cer","Cer 40:1_CAH_Cer 22:1;2O/18:0",622.614,11.5735,"[M+H]+",0.75,0.0976,0.214399974008598,0.176374226642662,1.23837420065126,"Top 1"
3083,"Cer","Cer 40:0_CAH_Cer 22:0;2O/18:0",624.629,11.205,"[M+H]+",0.5,0.0848,0.872950029631705,0.87470539353365,2.33245542316535,"Top 1"
1634,"PC","PC 32:3_CAH_PC 32:3",728.521,6.1971,"[M+H]+",0.5,0.2397,0.874874869530453,0.873771105128511,2.48834597465896,"Top 1"
2293,"PE-P","PE-P 36:3_CAH_PE-P 18:1_18:2",726.543,8.4747,"[M+H]+",0.75,0.0233,0.5,0.5,1.7733,"Top 1"
1366,"CAR","CAR 34:9_CAH_CAR 34:9",634.481,5.2686,"[M]+",0.5,0.0228,0.869797778156224,0.873863652605754,2.26646143076198,"Top 2"
1366,"MG","MG 38:11_CAH_MG 38:11",634.481,5.2686,"[M+NH4]+",1,0.0228,0.869645585857045,0.873830408478957,2.766275994336,"Top 1"
1366,"LPC","LPC 26:1_CAH_LPC 26:1",634.481,5.2686,"[M+H]+",1,0.0793,0.5,0.5,2.0793,"Top 3"
3277,"NAE","NAE 40:1_CAH_NAE 40:1",634.65,11.8759,"[M+H]+",1,0.1161,0.874986486485043,0.874986486485044,2.86607297297009,"Top 1"
1749,"LPC","LPC 26:0_CAH_LPC 26:0",636.495,6.5882,"[M+H]+",1,0.0879,0.867635267691501,0.766785293597175,2.72232056128868,"Top 1"
2987,"Cer","Cer 41:1_CAH_Cer 19:1;2O/22:0",636.629,10.8675,"[M+H]+",0.75,0.1005,0.874409325534344,0.874409325534344,2.59931865106869,"Top 1"
2791,"DG","DG 36:2_CAH_DG 18:1_18:1",638.572,10.185,"[M+NH4]+",1,0.1021,0.5,0.5,2.1021,"Top 1"
3185,"Cer","Cer 41:0_CAH_Cer 18:0;2O/23:0",638.645,11.5579,"[M+H]+",0.75,0.0966,0.871995023468865,0.872974923205426,2.59156994667429,"Top 1"
2967,"DG","DG 36:1_CAH_DG 18:1_18:0",640.588,10.798,"[M+NH4]+",1,0.0882,0.5,0.5,2.0882,"Top 1"
2919,"Cer","Cer 42:2_CAH_Cer 19:1;2O/23:1",648.629,10.6294,"[M+H]+",0.75,0.0879,0.5,0.5,1.8379,"Top 1"
3136,"Cer","Cer 42:1_CAH_Cer 18:0;2O/24:1",650.645,11.3858,"[M+H]+",0.5,0.0852,0.869742603594318,0.869742603594317,2.32468520718863,"Top 1"
3075,"Cer","Cer 42:1_CAH_Cer 18:1;2O/24:0",650.645,11.175,"[M+H]+",0.75,0.085,0.873435813989923,0.873435813989923,2.58187162797985,"Top 1"
3328,"Cer","Cer 42:0_CAH_Cer 18:0;2O/24:0",652.66,12.0521,"[M+H]+",0.75,0.055,0.849874906312245,0.85458543467629,2.50946034098853,"Top 1"
3366,"NAE","NAE 42:3_CAH_NAE 42:3",658.648,12.1882,"[M+H]+",1,0.2515,0.5,0.5,2.2515,"Top 1"
1973,"PE","PE 30:0_CAH_PE 15:0_15:0",664.491,7.3682,"[M+H]+",1,0.0821,0.5,0.5,2.0821,"Top 1"
2860,"DG","DG 38:3_CAH_DG 18:0_20:3",664.588,10.425,"[M+NH4]+",1,0.0351,0.5,0.5,2.0351,"Top 1"
3177,"Cer","Cer 43:1_CAH_Cer 25:1;2O/18:0",664.661,11.5278,"[M+H]+",0.5,0.076,0.873539352722963,0.873539352722963,2.32307870544593,"Top 1"
3357,"Cer","Cer 43:0_CAH_Cer 19:0;2O/24:0",666.677,12.1556,"[M+H]+",0.75,0.0759,0.8741766775671,0.8741766775671,2.5742533551342,"Top 1"
581,"DGCC","DGCC 31:6_CAH_DGCC 12:2_19:4",702.495,2.496,"[M+H]+",0.75,0.0092,0.5,0.5,1.7592,"Top 1"
3272,"Cer","Cer 44:1_CAH_Cer 18:0;2O/26:1",678.677,11.8643,"[M+H]+",0.5,0.1053,0.874515021388793,0.874515021388793,2.35433004277759,"Top 1"
3452,"Cer","Cer 44:0_CAH_Cer 18:0;2O/26:0",680.692,12.4973,"[M+H]+",0.75,0.0919,0.874690024826314,0.874494517447438,2.59108454227375,"Top 1"
3479,"DG-O","DG-O 40:1_CAH_DG-O 24:1_16:0",682.671,12.5843,"[M+NH4]+",1,0.0389,0.5,0.5,2.0389,"Top 1"
